pressure_type,method,n,valid,CRR,goal,GSR_after,FRR,pass_but_wrong,total_tokens,avg_rounds
duplicate_pick_after_prefix,R0,48,20,0.4166666666666667,20,0.4166666666666667,0.0,0,0,1.0
duplicate_pick_after_prefix,R1,48,48,1.0,48,1.0,0.0,0,0,1.0
duplicate_pick_after_prefix,R2,48,28,0.5833333333333334,28,0.5833333333333334,0.0,0,0,1.0
duplicate_pick_after_prefix,self_refine,48,31,0.6458333333333334,31,0.6458333333333334,0.0,0,59336,1.0
duplicate_pick_after_prefix,checker_loop,48,35,0.7291666666666666,35,0.7291666666666666,0.0,0,78592,1.2916666666666667
invalid_target_after_prefix,R0,48,20,0.4166666666666667,20,0.4166666666666667,0.0,0,0,1.0
invalid_target_after_prefix,R1,48,48,1.0,48,1.0,0.0,0,0,1.0
invalid_target_after_prefix,R2,48,43,0.8958333333333334,43,0.8958333333333334,0.0,0,0,1.0
invalid_target_after_prefix,self_refine,48,45,0.9375,42,0.875,0.0625,3,59081,1.0
invalid_target_after_prefix,checker_loop,48,45,0.9375,45,0.9375,0.0,0,68009,1.0833333333333333
place_before_pick,R0,48,21,0.4375,21,0.4375,0.0,0,0,1.0
place_before_pick,R1,48,48,1.0,48,1.0,0.0,0,0,1.0
place_before_pick,R2,48,35,0.7291666666666666,35,0.7291666666666666,0.0,0,0,1.0
place_before_pick,self_refine,48,26,0.5416666666666666,26,0.5416666666666666,0.0,0,55372,1.0
place_before_pick,checker_loop,48,44,0.9166666666666666,44,0.9166666666666666,0.0,0,66655,1.125
repeat_pick_after_valid_plan,R0,48,20,0.4166666666666667,20,0.4166666666666667,0.0,0,0,1.0
repeat_pick_after_valid_plan,R1,48,48,1.0,48,1.0,0.0,0,0,1.0
repeat_pick_after_valid_plan,R2,48,27,0.5625,27,0.5625,0.0,0,0,1.0
repeat_pick_after_valid_plan,self_refine,48,9,0.1875,9,0.1875,0.0,0,58939,1.0
repeat_pick_after_valid_plan,checker_loop,48,37,0.7708333333333334,37,0.7708333333333334,0.0,0,77556,1.25
unknown_object_after_prefix,R0,48,18,0.375,18,0.375,0.0,0,0,1.0
unknown_object_after_prefix,R1,48,48,1.0,46,0.9583333333333334,0.041666666666666664,2,0,1.0
unknown_object_after_prefix,R2,48,1,0.020833333333333332,1,0.020833333333333332,0.0,0,0,1.0
unknown_object_after_prefix,self_refine,48,26,0.5416666666666666,26,0.5416666666666666,0.0,0,58536,1.0
unknown_object_after_prefix,checker_loop,48,30,0.625,30,0.625,0.0,0,105881,1.7083333333333333
